Metric,GPT-4 Mean,GPT-4 CI,Gemini Mean,Gemini CI,Effect Size
faithfulness,0.9149593946105574,"[0.87, 0.96]",0.8997655122655123,"[0.83, 0.97]",0.07959843506256345
answer_relevancy,0.8726726545044616,"[0.79, 0.95]",0.8026171919933983,"[0.70, 0.90]",0.22046773101393272
answer_correctness,0.6518347865184052,"[0.58, 0.72]",0.5634162643369937,"[0.48, 0.64]",0.3440855294955084
answer_similarity,0.9406890762065767,"[0.93, 0.95]",0.912044686657556,"[0.90, 0.93]",0.5690937367798213
BERT_P,0.8690118636956522,"[0.86, 0.88]",0.8329907371999999,"[0.82, 0.84]",0.974512532572087
BERT_R,0.9090704356521738,"[0.90, 0.92]",0.8891253657999999,"[0.88, 0.90]",0.5955815761227462
BERT_F1,0.8883690410869562,"[0.88, 0.90]",0.8598803555999999,"[0.85, 0.87]",0.8842067161295386
