Metric,GPT-4 Mean,Gemini Mean
Faithfulness,0.9149593946105574,0.8997655122655123
Answer Relevancy,0.8726726545044616,0.8026171919933983
Answer Correctness,0.6518347865184052,0.5634162643369937
Answer Similarity,0.9406890762065767,0.912044686657556
BERT_P,0.8690118636956522,0.8329907371999999
BERT_R,0.9090704356521739,0.8891253657999999
BERT_F1,0.8883690410869565,0.8598803555999999
BERT Score,0.8886666556162695,0.8603603745479521
